"Id";"DayType"
"Status2015208";"occupied"
"Status2015209";"occupied"
"Status2015210";"occupied"
"Status2015211";"occupied"
"Status2015212";"occupied"
"Status2015213";"occupied"
"Status2015215";"occupied"
"Status2015216";"occupied"
"Status2015217";"occupied"
"Status2015218";"occupied"
"Status2015219";"occupied"
"Status2015220";"occupied"
"Status2015221";"occupied"
"Status2015222";"departure"
"Status2015314";"arrival"
"Status2015321";"departure"
"Status2016206";"arrival"
"Status2016213";"arrivalDeparture"
"Status2016214";"occupied"
"Status2016215";"occupied"
"Status2016216";"occupied"
"Status2016217";"occupied"
"Status2016218";"occupied"
"Status2016219";"occupied"
"Status2015919";"arrival"
"Status2015926";"departure"
"Status20151003";"arrival"
"Status20151004";"occupied"
"Status20151005";"occupied"
"Status20151006";"occupied"
"Status20151007";"occupied"
"Status20151008";"occupied"
"Status20151009";"occupied"
"Status20151010";"occupied"
"Status20151011";"occupied"
"Status20151012";"occupied"
"Status20151013";"occupied"
"Status20151014";"occupied"
"Status20151015";"occupied"
"Status20151016";"occupied"
"Status20151017";"departure"
"Status2015315";"notToOccupy"
"Status2015316";"notToOccupy"
"Status2015317";"notToOccupy"
"Status2015318";"notToOccupy"
"Status2015319";"notToOccupy"
"Status2015320";"notToOccupy"
"Status2015131";"arrival"
"Status2015203";"notToOccupy"
"Status2015204";"notToOccupy"
"Status2015201";"notToOccupy"
"Status2015202";"notToOccupy"
"Status2015205";"notToOccupy"
"Status2015206";"notToOccupy"
"Status2015207";"arrivalDeparture"
"Status2015214";"arrivalDeparture"
"Status2015920";"notToOccupy"
"Status2015921";"notToOccupy"
"Status2015922";"notToOccupy"
"Status2015923";"notToOccupy"
"Status2015924";"notToOccupy"
"Status2015925";"notToOccupy"
"Status2016207";"notToOccupy"
"Status2016208";"notToOccupy"
"Status2016209";"notToOccupy"
"Status2016210";"notToOccupy"
"Status2016211";"notToOccupy"
"Status2016212";"notToOccupy"
"Status2016221";"occupied"
"Status2016222";"occupied"
"Status2016223";"occupied"
"Status2016224";"occupied"
"Status2016225";"occupied"
"Status2016226";"occupied"
"Status2016220";"arrivalDeparture"
"Status2016926";"notToOccupy"
"Status2016927";"notToOccupy"
"Status2016928";"notToOccupy"
"Status2016929";"notToOccupy"
"Status2016930";"notToOccupy"
"Status2016925";"notToOccupy"
"Status2016924";"arrival"
"Status2015702";"arrival"
"Status2015703";"occupied"
"Status2015704";"occupied"
"Status2015705";"occupied"
"Status2015706";"occupied"
"Status2015707";"occupied"
"Status2015708";"occupied"
"Status2015709";"occupied"
"Status2015710";"occupied"
"Status2015711";"occupied"
"Status2015712";"departure"
"Status2016108";"arrival"
"Status2016109";"occupied"
"Status2016110";"occupied"
"Status2016111";"occupied"
"Status2016112";"occupied"
"Status2016113";"occupied"
"Status2016114";"occupied"
"Status2016115";"occupied"
"Status2016116";"departure"
"Status2015904";"arrival"
"Status2015905";"notToOccupy"
"Status2015906";"notToOccupy"
"Status2015907";"notToOccupy"
"Status2015908";"notToOccupy"
"Status2015909";"notToOccupy"
"Status2015910";"notToOccupy"
"Status2015911";"departure"
"Status20151226";"arrival"
"Status20151227";"occupied"
"Status20151228";"occupied"
"Status20151229";"occupied"
"Status20151230";"occupied"
"Status20151231";"occupied"
"Status2016101";"occupied"
"Status2016227";"arrivalDeparture"
"Status2016228";"notToOccupy"
"Status2016229";"notToOccupy"
"Status2016301";"notToOccupy"
"Status2016302";"notToOccupy"
"Status2016303";"notToOccupy"
"Status2016304";"notToOccupy"
"Status2016305";"departure"
"Status20161225";"occupied"
"Status20161226";"occupied"
"Status20161227";"occupied"
"Status20161228";"occupied"
"Status20161229";"occupied"
"Status20161230";"occupied"
"Status20161231";"occupied"
"Status2017101";"occupied"
"Status2016102";"occupied"
"Status2016103";"departure"
"Status2016104";"notToOccupy"
"Status2016105";"notToOccupy"
"Status2016106";"notToOccupy"
"Status2016107";"notToOccupy"
"Status20161001";"departure"
"Status2016319";"arrival"
"Status2016320";"occupied"
"Status2016321";"occupied"
"Status2016322";"occupied"
"Status2016323";"occupied"
"Status2016324";"occupied"
"Status2016325";"occupied"
"Status2016326";"departure"
"Status2017204";"notToOccupy"
"Status2017205";"notToOccupy"
"Status2017206";"notToOccupy"
"Status2017207";"notToOccupy"
"Status2017208";"notToOccupy"
"Status2017209";"notToOccupy"
"Status2017212";"occupied"
"Status2017213";"occupied"
"Status2017214";"occupied"
"Status2017215";"occupied"
"Status2017216";"occupied"
"Status2016619";"occupied"
"Status2016620";"occupied"
"Status2016621";"occupied"
"Status2016622";"occupied"
"Status2016623";"occupied"
"Status2016624";"occupied"
"Status2016625";"arrivalDeparture"
"Status2016618";"arrival"
"Status2016724";"occupied"
"Status2016725";"occupied"
"Status2016726";"occupied"
"Status2016727";"occupied"
"Status2016728";"occupied"
"Status2016729";"departure"
"Status2016723";"arrival"
"Status2017408";"occupied"
"Status2017409";"occupied"
"Status2017410";"occupied"
"Status2017411";"occupied"
"Status2017412";"occupied"
"Status2017413";"occupied"
"Status2017414";"occupied"
"Status2017415";"occupied"
"Status2017416";"occupied"
"Status2017417";"occupied"
"Status2016901";"notToOccupy"
"Status2016902";"notToOccupy"
"Status2016903";"notToOccupy"
"Status2016904";"notToOccupy"
"Status2016905";"notToOccupy"
"Status2016906";"notToOccupy"
"Status2016907";"notToOccupy"
"Status2016820";"notToOccupy"
"Status2016821";"notToOccupy"
"Status2016822";"notToOccupy"
"Status2016823";"notToOccupy"
"Status2016824";"notToOccupy"
"Status2016825";"notToOccupy"
"Status2016826";"notToOccupy"
"Status2016827";"notToOccupy"
"Status2017219";"occupied"
"Status2017220";"occupied"
"Status2017221";"occupied"
"Status2017222";"occupied"
"Status2017223";"occupied"
"Status2017224";"occupied"
"Status2017225";"occupied"
"Status2017226";"occupied"
"Status2017227";"occupied"
"Status2017228";"occupied"
"Status2017301";"occupied"
"Status2017302";"occupied"
"Status2017303";"occupied"
"Status2017304";"occupied"
"Status2017305";"occupied"
"Status2017306";"occupied"
"Status2017307";"occupied"
"Status2017308";"occupied"
"Status2017309";"occupied"
"Status2017310";"occupied"
"Status2017311";"occupied"
"Status2017312";"occupied"
"Status2017313";"occupied"
"Status2017314";"occupied"
"Status2017315";"occupied"
"Status2017316";"occupied"
"Status2017317";"occupied"
"Status2017318";"departure"
"Status20161224";"arrival"
"Status2017327";"notToOccupy"
"Status2017328";"notToOccupy"
"Status2017329";"notToOccupy"
"Status2017330";"notToOccupy"
"Status2017331";"notToOccupy"
"Status2017401";"notToOccupy"
"Status2017402";"notToOccupy"
"Status2017923";"arrival"
"Status2017924";"notToOccupy"
"Status2017925";"notToOccupy"
"Status2017926";"notToOccupy"
"Status2017927";"notToOccupy"
"Status2017928";"notToOccupy"
"Status2017929";"notToOccupy"
"Status2017930";"departure"
"Status2017102";"arrivalDeparture"
"Status2017103";"notToOccupy"
"Status2017104";"notToOccupy"
"Status2017105";"notToOccupy"
"Status2017106";"notToOccupy"
"Status2017107";"notToOccupy"
"Status2017108";"notToOccupy"
"Status2017715";"arrival"
"Status2017716";"occupied"
"Status2017717";"occupied"
"Status2017718";"occupied"
"Status2017719";"occupied"
"Status2017720";"occupied"
"Status2017721";"occupied"
"Status2017211";"arrival"
"Status2017210";"departure"
"Status2017203";"arrival"
"Status2017218";"arrival"
"Status2017217";"departure"
"Status2017723";"occupied"
"Status2017724";"occupied"
"Status2017725";"occupied"
"Status2017726";"occupied"
"Status2017727";"occupied"
"Status2017728";"occupied"
"Status2017729";"departure"
"Status2017722";"arrivalDeparture"
"Status20171224";"occupied"
"Status20171225";"occupied"
"Status20171226";"occupied"
"Status20171227";"occupied"
"Status20171228";"occupied"
"Status20171229";"occupied"
"Status20171230";"occupied"
"Status20171231";"occupied"
"Status2018101";"occupied"
"Status2018102";"departure"
"Status2018105";"occupied"
"Status2018106";"occupied"
"Status2018107";"occupied"
"Status2018108";"occupied"
"Status2018109";"occupied"
"Status2018110";"occupied"
"Status2018111";"occupied"
"Status2018112";"occupied"
"Status2018113";"departure"
"Status2018203";"notToOccupy"
"Status2018204";"notToOccupy"
"Status2018205";"notToOccupy"
"Status2018206";"notToOccupy"
"Status2018207";"notToOccupy"
"Status2018208";"notToOccupy"
"Status2018209";"notToOccupy"
"Status2018210";"arrivalDeparture"
"Status2018211";"occupied"
"Status2018212";"occupied"
"Status2018213";"occupied"
"Status2018214";"occupied"
"Status2018215";"occupied"
"Status2018216";"occupied"
"Status2018217";"arrivalDeparture"
"Status2018218";"occupied"
"Status2018219";"occupied"
"Status2018220";"occupied"
"Status2018221";"occupied"
"Status2018222";"occupied"
"Status2018223";"occupied"
"Status2018224";"occupied"
"Status2018225";"occupied"
"Status2018226";"occupied"
"Status2018227";"occupied"
"Status2018228";"occupied"
"Status2017805";"occupied"
"Status2017806";"occupied"
"Status2017807";"occupied"
"Status2017808";"occupied"
"Status2017809";"occupied"
"Status2017810";"occupied"
"Status2017811";"occupied"
"Status20171223";"occupied"
"Status2018301";"occupied"
"Status2018302";"occupied"
"Status2018303";"occupied"
"Status2018304";"occupied"
"Status2018305";"occupied"
"Status2018306";"occupied"
"Status2018307";"occupied"
"Status2018308";"occupied"
"Status2018309";"occupied"
"Status2018310";"occupied"
"Status2018311";"occupied"
"Status2018312";"occupied"
"Status2018313";"occupied"
"Status2018314";"occupied"
"Status2018315";"occupied"
"Status2018316";"occupied"
"Status2018317";"departure"
"Status2017902";"notToOccupy"
"Status2017903";"notToOccupy"
"Status2017904";"notToOccupy"
"Status2017905";"notToOccupy"
"Status2017906";"notToOccupy"
"Status2017907";"notToOccupy"
"Status2017908";"notToOccupy"
"Status2017909";"notToOccupy"
"Status2018324";"notToOccupy"
"Status2018325";"notToOccupy"
"Status2018326";"notToOccupy"
"Status2018327";"notToOccupy"
"Status2018328";"notToOccupy"
"Status2018331";"occupied"
"Status2018401";"occupied"
"Status2018402";"occupied"
"Status2018403";"occupied"
"Status2018404";"occupied"
"Status2018405";"occupied"
"Status2018406";"occupied"
"Status2018407";"occupied"
"Status2018408";"departure"
"Status2018428";"arrival"
"Status2018429";"occupied"
"Status2018430";"occupied"
"Status2018501";"occupied"
"Status2018502";"occupied"
"Status2018503";"occupied"
"Status2018504";"occupied"
"Status20191222";"occupied"
"Status20191223";"occupied"
"Status20191224";"occupied"
"Status20191225";"occupied"
"Status20191226";"occupied"
"Status20191227";"occupied"
"Status20191228";"occupied"
"Status20191229";"occupied"
"Status20191230";"occupied"
"Status20191231";"occupied"
"Status2020101";"occupied"
"Status2020102";"occupied"
"Status2020103";"occupied"
"Status2020104";"departure"
"Status2019202";"notToOccupy"
"Status2019203";"notToOccupy"
"Status2019204";"notToOccupy"
"Status2019205";"notToOccupy"
"Status2019206";"notToOccupy"
"Status2019207";"notToOccupy"
"Status2019208";"notToOccupy"
"Status2018505";"departure"
"Status2019210";"occupied"
"Status2019211";"occupied"
"Status2019212";"occupied"
"Status2019213";"occupied"
"Status2019214";"occupied"
"Status2019215";"occupied"
"Status2019216";"departure"
"Status2019209";"arrivalDeparture"
"Status2018329";"notToOccupy"
"Status2018330";"arrival"
"Status2018922";"notToOccupy"
"Status2018923";"notToOccupy"
"Status2018924";"notToOccupy"
"Status2018925";"notToOccupy"
"Status2018926";"notToOccupy"
"Status2018927";"notToOccupy"
"Status2018928";"notToOccupy"
"Status2018929";"notToOccupy"
"Status20181006";"arrival"
"Status20181007";"occupied"
"Status20181008";"occupied"
"Status20181009";"occupied"
"Status20181010";"occupied"
"Status20181011";"occupied"
"Status20181012";"occupied"
"Status20181013";"arrivalDeparture"
"Status20181014";"occupied"
"Status20181015";"occupied"
"Status20181016";"occupied"
"Status20181017";"occupied"
"Status20181018";"occupied"
"Status20181019";"occupied"
"Status20181020";"departure"
"Status2019414";"occupied"
"Status2019415";"occupied"
"Status2019416";"occupied"
"Status2019417";"occupied"
"Status2019418";"occupied"
"Status2019419";"occupied"
"Status2019413";"arrival"
"Status2019420";"departure"
"Status2018721";"arrival"
"Status2018722";"occupied"
"Status2018723";"occupied"
"Status2018724";"occupied"
"Status2018725";"occupied"
"Status2018726";"occupied"
"Status2018727";"occupied"
"Status2018728";"occupied"
"Status2018729";"departure"
"Status2018817";"notToOccupy"
"Status2018818";"notToOccupy"
"Status2018819";"notToOccupy"
"Status2018820";"notToOccupy"
"Status2018821";"notToOccupy"
"Status2018822";"notToOccupy"
"Status2018823";"notToOccupy"
"Status2018824";"notToOccupy"
"Status2018825";"notToOccupy"
"Status2018826";"notToOccupy"
"Status2018827";"notToOccupy"
"Status2019315";"occupied"
"Status2019316";"occupied"
"Status2019317";"occupied"
"Status2020202";"occupied"
"Status2020203";"occupied"
"Status2020204";"occupied"
"Status2020205";"occupied"
"Status2020206";"occupied"
"Status2020207";"occupied"
"Status2020208";"occupied"
"Status2020209";"occupied"
"Status2020210";"occupied"
"Status2020211";"occupied"
"Status2020212";"occupied"
"Status2020213";"occupied"
"Status2020214";"occupied"
"Status2019921";"notToOccupy"
"Status2019922";"notToOccupy"
"Status2019923";"notToOccupy"
"Status2019924";"notToOccupy"
"Status2019925";"notToOccupy"
"Status2019926";"notToOccupy"
"Status2019927";"notToOccupy"
"Status2019928";"notToOccupy"
"Status20191005";"arrival"
"Status20191006";"occupied"
"Status20191007";"occupied"
"Status20191008";"occupied"
"Status20191009";"occupied"
"Status20191010";"occupied"
"Status20191011";"occupied"
"Status2019820";"notToOccupy"
"Status2019821";"notToOccupy"
"Status2019822";"notToOccupy"
"Status2019823";"notToOccupy"
"Status2019824";"notToOccupy"
"Status2019825";"notToOccupy"
"Status20191012";"arrivalDeparture"
"Status20191013";"occupied"
"Status20191014";"occupied"
"Status20191015";"occupied"
"Status20191016";"occupied"
"Status20191017";"occupied"
"Status20191018";"occupied"
"Status20191019";"departure"
"Status2019929";"notToOccupy"
"Status2020221";"occupied"
"Status2020222";"occupied"
"Status2020223";"departure"
"Status20191221";"occupied"
"Status2020130";"occupied"
"Status2020131";"occupied"
"Status2020201";"arrivalDeparture"
"Status2020215";"arrivalDeparture"
"Status2020216";"occupied"
"Status2020217";"occupied"
"Status2020218";"occupied"
"Status2020219";"occupied"
"Status2020220";"arrivalDeparture"
"Status20201219";"arrival"
"Status20201220";"occupied"
"Status20201221";"occupied"
"Status20201222";"occupied"
"Status20201223";"occupied"
"Status20201224";"occupied"
"Status20201225";"occupied"
"Status20201226";"occupied"
"Status20201227";"occupied"
"Status20201228";"occupied"
"Status20201229";"occupied"
"Status20201230";"occupied"
"Status20201231";"occupied"
"Status2021101";"occupied"
"Status2021102";"departure"
"Status2020126";"occupied"
"Status2020127";"occupied"
"Status2020128";"occupied"
"Status2020129";"occupied"
"Status2020125";"arrival"
"Status2021207";"occupied"
"Status2021208";"occupied"
"Status2021209";"occupied"
"Status2021210";"occupied"
"Status2021211";"occupied"
"Status2021212";"occupied"
"Status2021213";"occupied"
"Status2021214";"occupied"
"Status2021215";"occupied"
"Status2021216";"occupied"
"Status2021217";"occupied"
"Status2021218";"occupied"
"Status2021219";"occupied"
"Status2021130";"arrival"
"Status2021201";"occupied"
"Status2021202";"occupied"
"Status2021203";"occupied"
"Status2021204";"occupied"
"Status2021205";"occupied"
"Status2021206";"arrivalDeparture"
"Status2021131";"occupied"
"Status2020711";"arrival"
"Status2020712";"occupied"
"Status2020713";"occupied"
"Status2020714";"occupied"
"Status2020715";"occupied"
"Status2020716";"occupied"
"Status2020717";"occupied"
"Status2020718";"occupied"
"Status2020719";"occupied"
"Status2020720";"occupied"
"Status2020721";"occupied"
"Status2020722";"occupied"
"Status2020723";"occupied"
"Status2020724";"occupied"
"Status2020308";"arrival"
"Status2020309";"occupied"
"Status2020310";"occupied"
"Status2020311";"occupied"
"Status2020312";"occupied"
"Status2020727";"notToOccupy"
"Status2020728";"notToOccupy"
"Status2020729";"notToOccupy"
"Status2020730";"notToOccupy"
"Status2020731";"notToOccupy"
"Status2020801";"notToOccupy"
"Status20201010";"arrival"
"Status20201011";"occupied"
"Status20201012";"occupied"
"Status20201013";"occupied"
"Status20201014";"occupied"
"Status20201015";"occupied"
"Status20201016";"occupied"
"Status20201017";"departure"
"Status2020920";"notToOccupy"
"Status2020921";"notToOccupy"
"Status2020922";"notToOccupy"
"Status2020923";"notToOccupy"
"Status2020913";"occupied"
"Status2020914";"occupied"
"Status2020915";"occupied"
"Status2020916";"occupied"
"Status2020917";"occupied"
"Status2020918";"occupied"
"Status2020919";"arrivalDeparture"
"Status2020725";"occupied"
"Status2020726";"arrivalDeparture"
"Status2020809";"notToOccupy"
"Status2020810";"notToOccupy"
"Status2020811";"notToOccupy"
"Status2020812";"notToOccupy"
"Status2020927";"notToOccupy"
"Status2020928";"notToOccupy"
"Status2020929";"notToOccupy"
"Status2020930";"notToOccupy"
"Status20201001";"notToOccupy"
"Status2020904";"notToOccupy"
"Status2020905";"notToOccupy"
"Status2020906";"notToOccupy"
"Status2020907";"notToOccupy"
"Status2020908";"notToOccupy"
"Status2020909";"notToOccupy"
"Status2020910";"notToOccupy"
"Status2020911";"notToOccupy"
"Status2020912";"arrival"
"Status20201002";"notToOccupy"
"Status20201003";"notToOccupy"
"Status2021220";"arrivalDeparture"
"Status2021221";"occupied"
"Status2021222";"occupied"
"Status2021223";"occupied"
"Status2021224";"occupied"
"Status2021225";"occupied"
"Status2021226";"occupied"
"Status2021227";"occupied"
"Status2021228";"occupied"
"Status2021301";"occupied"
"Status2021302";"occupied"
"Status2021303";"occupied"
"Status2021304";"occupied"
"Status2021305";"occupied"
"Status2021306";"departure"
"Status20211218";"arrival"
"Status20211219";"occupied"
"Status20211220";"occupied"
"Status20211221";"occupied"
"Status20211222";"occupied"
"Status20211223";"occupied"
"Status20211224";"occupied"
"Status20211225";"occupied"
"Status20211226";"occupied"
"Status20211227";"occupied"
"Status20211228";"occupied"
"Status20211229";"occupied"
"Status20211230";"occupied"
"Status20211231";"occupied"
"Status2022101";"departure"
"Status2021717";"arrival"
"Status2021718";"occupied"
"Status2021719";"occupied"
"Status2021720";"occupied"
"Status2021721";"occupied"
"Status2021722";"occupied"
"Status2021723";"occupied"
"Status2021724";"occupied"
"Status2021725";"occupied"
"Status2021726";"occupied"
"Status2021727";"occupied"
"Status2021728";"occupied"
"Status2021729";"occupied"
"Status2021730";"occupied"
"Status2021731";"departure"
"Status2022129";"arrival"
"Status2022130";"occupied"
"Status2022131";"occupied"
"Status2022201";"occupied"
"Status2022202";"occupied"
"Status2022203";"occupied"
"Status2022204";"occupied"
"Status2021312";"occupied"
"Status2021313";"occupied"
"Status2021311";"arrival"
"Status2021314";"departure"
"Status2021619";"arrival"
"Status2021620";"occupied"
"Status2021621";"occupied"
"Status2021622";"occupied"
"Status2021623";"occupied"
"Status2021624";"occupied"
"Status2021625";"occupied"
"Status2021626";"occupied"
"Status2021627";"occupied"
"Status2021628";"occupied"
"Status2021629";"occupied"
"Status2021630";"occupied"
"Status2021701";"occupied"
"Status2021702";"occupied"
"Status2021703";"departure"
"Status2021605";"arrival"
"Status2021606";"occupied"
"Status2021607";"occupied"
"Status2021608";"occupied"
"Status2021609";"occupied"
"Status2021610";"occupied"
"Status2021611";"occupied"
"Status2021612";"departure"
"Status2021808";"arrival"
"Status2021809";"occupied"
"Status2021810";"occupied"
"Status2021811";"occupied"
"Status2021812";"occupied"
"Status2021813";"occupied"
"Status2021814";"occupied"
"Status2021815";"occupied"
"Status2021816";"occupied"
"Status2021817";"occupied"
"Status2021818";"occupied"
"Status2021819";"occupied"
"Status2021820";"occupied"
"Status2021821";"occupied"
"Status2021822";"arrivalDeparture"
"Status2021907";"occupied"
"Status2021908";"occupied"
"Status2021909";"occupied"
"Status2021910";"occupied"
"Status2021918";"arrival"
"Status2021919";"occupied"
"Status2021920";"occupied"
"Status2021921";"occupied"
"Status2021922";"occupied"
"Status2021923";"occupied"
"Status2021924";"occupied"
"Status2021925";"occupied"
"Status2021926";"occupied"
"Status2021927";"occupied"
"Status2021928";"occupied"
"Status2021929";"occupied"
"Status2021930";"occupied"
"Status20211001";"occupied"
"Status20211002";"departure"
"Status20211011";"notToOccupy"
"Status20211012";"notToOccupy"
"Status20211013";"notToOccupy"
"Status20211014";"notToOccupy"
"Status20211015";"notToOccupy"
"Status20211016";"notToOccupy"
"Status20211017";"notToOccupy"
"Status2021906";"occupied"
"Status2021911";"occupied"
"Status2022205";"occupied"
"Status2022206";"occupied"
"Status2022207";"occupied"
"Status2022208";"occupied"
"Status2022209";"occupied"
"Status2022210";"occupied"
"Status2022211";"occupied"
"Status2022212";"occupied"
"Status2022213";"occupied"
"Status2022214";"occupied"
"Status2022215";"occupied"
"Status2022216";"occupied"
"Status2022217";"occupied"
"Status2022218";"occupied"
"Status2022219";"departure"
"Status2022310";"arrival"
"Status2022311";"occupied"
"Status2022312";"occupied"
"Status2022313";"departure"
"Status20221224";"arrival"
"Status20221225";"occupied"
"Status20221226";"occupied"
"Status20221227";"occupied"
"Status20221228";"occupied"
"Status20221229";"occupied"
"Status20221230";"occupied"
"Status20221231";"occupied"
"Status2023101";"occupied"
"Status2023102";"occupied"
"Status2023103";"occupied"
"Status2023104";"occupied"
"Status2023105";"occupied"
"Status2023106";"occupied"
"Status2023107";"occupied"
"Status2022821";"occupied"
"Status2022822";"occupied"
"Status2022823";"occupied"
"Status2022824";"occupied"
"Status2022825";"occupied"
"Status2022826";"occupied"
"Status2022827";"occupied"
"Status2022828";"occupied"
"Status2022829";"occupied"
"Status2022830";"occupied"
"Status2022831";"occupied"
"Status2022901";"occupied"
"Status2022902";"occupied"
"Status2022820";"arrival"
"Status2022222";"arrival"
"Status2022223";"occupied"
"Status2022224";"occupied"
"Status2022225";"occupied"
"Status2022227";"occupied"
"Status2022228";"occupied"
"Status2022301";"occupied"
"Status2022302";"occupied"
"Status2022303";"occupied"
"Status2022304";"occupied"
"Status2022305";"departure"
"Status2022618";"arrival"
"Status2022619";"occupied"
"Status2022620";"occupied"
"Status2022621";"occupied"
"Status2022622";"occupied"
"Status2022623";"occupied"
"Status2022624";"occupied"
"Status2022625";"departure"
"Status2022904";"occupied"
"Status2022905";"occupied"
"Status2022906";"occupied"
"Status2022907";"occupied"
"Status2022908";"occupied"
"Status2022909";"occupied"
"Status2022910";"occupied"
"Status2022911";"occupied"
"Status2022912";"occupied"
"Status2022913";"occupied"
"Status2022914";"occupied"
"Status2022915";"occupied"
"Status2022916";"occupied"
"Status2022903";"arrivalDeparture"
"Status2023128";"arrival"
"Status2023129";"occupied"
"Status2023130";"occupied"
"Status2023131";"occupied"
"Status2023201";"occupied"
"Status2023202";"occupied"
"Status2023203";"occupied"
"Status2022317";"occupied"
"Status2022318";"occupied"
"Status2022319";"occupied"
"Status2022320";"occupied"
"Status2023204";"arrivalDeparture"
"Status2023205";"occupied"
"Status2023206";"occupied"
"Status2023207";"occupied"
"Status2023208";"occupied"
"Status2023209";"occupied"
"Status2023210";"occupied"
"Status2023211";"occupied"
"Status2023212";"occupied"
"Status2023213";"occupied"
"Status2023214";"occupied"
"Status2023216";"occupied"
"Status2023215";"occupied"
"Status2023217";"occupied"
"Status2023218";"departure"
"Status2022723";"arrival"
"Status2022724";"occupied"
"Status2022725";"occupied"
"Status2022726";"occupied"
"Status2022727";"occupied"
"Status2022728";"occupied"
"Status2022729";"occupied"
"Status2022730";"occupied"
"Status2022731";"occupied"
"Status2022801";"occupied"
"Status2022802";"occupied"
"Status2022803";"occupied"
"Status2022804";"occupied"
"Status2022805";"occupied"
"Status2022806";"departure"
"Status2022226";"departure"
"Status2022919";"notToOccupy"
"Status2022920";"notToOccupy"
"Status2022921";"notToOccupy"
"Status2022922";"notToOccupy"
"Status2022923";"notToOccupy"
"Status2022924";"notToOccupy"
"Status2022925";"notToOccupy"
"Status2022917";"arrivalDeparture"
"Status2022918";"notToOccupy"
"Status2023119";"occupied"
"Status2023120";"occupied"
"Status2023121";"occupied"
"Status2023122";"occupied"
"Status2024128";"occupied"
"Status2024129";"occupied"
"Status2024130";"occupied"
"Status2024131";"occupied"
"Status2024127";"arrival"
"Status2024201";"occupied"
"Status2024202";"occupied"
"Status2024203";"arrivalDeparture"
"Status2024204";"occupied"
"Status2024205";"occupied"
"Status2024206";"occupied"
"Status2024207";"occupied"
"Status2024208";"occupied"
"Status2024209";"occupied"
"Status2024210";"occupied"
"Status2024211";"occupied"
"Status2024212";"occupied"
"Status2024213";"occupied"
"Status2024214";"occupied"
"Status2024215";"occupied"
"Status2024216";"occupied"
"Status2023323";"occupied"
"Status2023324";"occupied"
"Status2023325";"occupied"
"Status2023725";"occupied"
"Status2023726";"occupied"
"Status2023724";"occupied"
"Status2023727";"occupied"
"Status2023728";"occupied"
"Status2023729";"occupied"
"Status2023730";"occupied"
"Status2023731";"occupied"
"Status2023801";"occupied"
"Status2024218";"occupied"
"Status2024219";"occupied"
"Status2024220";"occupied"
"Status2024221";"occupied"
"Status2024222";"occupied"
"Status2024223";"occupied"
"Status2024217";"arrivalDeparture"
"Status2023723";"arrival"
"Status2023803";"occupied"
"Status2023804";"occupied"
"Status2023805";"occupied"
"Status2023806";"occupied"
"Status2023807";"occupied"
"Status2023808";"occupied"
"Status2023809";"occupied"
"Status2023810";"occupied"
"Status2023811";"occupied"
"Status2023812";"departure"
"Status2023802";"arrivalDeparture"
"Status2024224";"arrivalDeparture"
"Status2024225";"occupied"
"Status2024226";"occupied"
"Status2024227";"occupied"
"Status2024228";"occupied"
"Status2024229";"occupied"
"Status2024301";"occupied"
"Status2024302";"departure"
"Status2023617";"arrival"
"Status2023618";"occupied"
"Status2023619";"occupied"
"Status2023620";"occupied"
"Status2023621";"occupied"
"Status2023622";"occupied"
"Status2023623";"occupied"
"Status2023624";"departure"
"Status2023826";"arrival"
"Status2023827";"occupied"
"Status2023828";"occupied"
"Status2023829";"occupied"
"Status2023830";"occupied"
"Status2023831";"occupied"
"Status2023901";"occupied"
"Status2023902";"occupied"
"Status2023903";"occupied"
"Status2023904";"occupied"
"Status2023905";"occupied"
"Status2023906";"occupied"
"Status2023907";"occupied"
"Status2023908";"occupied"
"Status2023909";"departure"
"Status20231223";"arrival"
"Status20231224";"occupied"
"Status20231225";"occupied"
"Status20231226";"occupied"
"Status20231227";"occupied"
"Status20231228";"occupied"
"Status20231229";"occupied"
"Status20231230";"occupied"
"Status20231231";"occupied"
"Status2024101";"occupied"
"Status2024102";"occupied"
"Status2024103";"occupied"
"Status2024104";"occupied"
"Status2024105";"occupied"
"Status2024106";"departure"
"Status20231010";"occupied"
"Status20231011";"occupied"
"Status20231012";"occupied"
"Status20231013";"occupied"
"Status20231022";"departure"
"Status20231014";"departure"
"Status20231015";"arrival"
"Status20231016";"occupied"
"Status20231017";"occupied"
"Status20231018";"occupied"
"Status20231019";"occupied"
"Status20231020";"occupied"
"Status20231021";"occupied"
"Status20231006";"notToOccupy"
"Status20231007";"notToOccupy"
"Status20231008";"notToOccupy"
"Status20231009";"notToOccupy"
"Status2023923";"notToOccupy"
"Status2023924";"notToOccupy"
"Status2023925";"notToOccupy"
"Status2023929";"notToOccupy"
"Status2023930";"notToOccupy"
"Status20231001";"notToOccupy"
"Status2024118";"arrival"
"Status2024119";"occupied"
"Status2024120";"occupied"
"Status2024121";"departure"
"Status2024929";"occupied"
"Status2024930";"occupied"
"Status20241001";"occupied"
"Status20241002";"occupied"
"Status20241003";"occupied"
"Status20241004";"occupied"
"Status20241005";"occupied"
"Status20241006";"occupied"
"Status20241007";"occupied"
"Status20241008";"occupied"
"Status20241009";"occupied"
"Status20241010";"occupied"
"Status20241011";"occupied"
"Status20241221";"arrival"
"Status20241222";"occupied"
"Status20241223";"occupied"
"Status20241224";"occupied"
"Status20241225";"occupied"
"Status20241226";"occupied"
"Status20241227";"occupied"
"Status20241228";"occupied"
"Status20241229";"occupied"
"Status20241230";"occupied"
"Status20241231";"occupied"
"Status2025101";"occupied"
"Status2025102";"occupied"
"Status2025103";"occupied"
"Status2025104";"departure"
"Status2024321";"notToOccupy"
"Status2024322";"notToOccupy"
"Status2024323";"notToOccupy"
"Status2024324";"notToOccupy"
"Status2024518";"arrival"
"Status2024519";"occupied"
"Status2024520";"occupied"
"Status2024521";"occupied"
"Status2024522";"occupied"
"Status2024523";"occupied"
"Status2024524";"occupied"
"Status2024525";"occupied"
"Status2024526";"occupied"
"Status2024527";"occupied"
"Status2024528";"occupied"
"Status2024529";"occupied"
"Status2024530";"occupied"
"Status2024531";"occupied"
"Status20241012";"arrivalDeparture"
"Status20241013";"occupied"
"Status20241014";"occupied"
"Status20241015";"occupied"
"Status20241016";"occupied"
"Status20241017";"occupied"
"Status20241018";"occupied"
"Status20241019";"occupied"
"Status20241020";"occupied"
"Status20241021";"occupied"
"Status20241022";"occupied"
"Status20241023";"occupied"
"Status20241024";"occupied"
"Status20241025";"occupied"
"Status20241026";"departure"
"Status2025125";"arrival"
"Status2025126";"occupied"
"Status2025127";"occupied"
"Status2025128";"occupied"
"Status2025129";"occupied"
"Status2025130";"occupied"
"Status2025131";"occupied"
"Status2025223";"occupied"
"Status2025224";"occupied"
"Status2025225";"occupied"
"Status2025226";"occupied"
"Status2025227";"occupied"
"Status2025228";"occupied"
"Status2025301";"arrivalDeparture"
"Status2025302";"occupied"
"Status2025303";"occupied"
"Status2025304";"occupied"
"Status2025305";"occupied"
"Status2025306";"occupied"
"Status2025307";"occupied"
"Status2025201";"arrivalDeparture"
"Status2025202";"occupied"
"Status2025203";"occupied"
"Status2025204";"occupied"
"Status2025205";"occupied"
"Status2025206";"occupied"
"Status2025207";"occupied"
"Status2025208";"occupied"
"Status2025209";"occupied"
"Status2025210";"occupied"
"Status2025211";"occupied"
"Status2025212";"occupied"
"Status2025213";"occupied"
"Status2025214";"occupied"
"Status2025215";"departure"
"Status2024603";"notToOccupy"
"Status2024604";"notToOccupy"
"Status2024605";"notToOccupy"
"Status2024606";"notToOccupy"
"Status2024607";"notToOccupy"
"Status2024608";"notToOccupy"
"Status2024609";"notToOccupy"
"Status2024610";"notToOccupy"
"Status2024611";"notToOccupy"
"Status2024612";"notToOccupy"
"Status2024613";"notToOccupy"
"Status2024614";"notToOccupy"
"Status2024615";"notToOccupy"
"Status2024616";"notToOccupy"
"Status2024617";"notToOccupy"
"Status2024618";"notToOccupy"
"Status2024619";"notToOccupy"
"Status2024620";"notToOccupy"
"Status2024621";"notToOccupy"
"Status2024622";"notToOccupy"
"Status2024623";"notToOccupy"
"Status2024624";"notToOccupy"
"Status2024625";"notToOccupy"
"Status2024626";"notToOccupy"
"Status2024628";"notToOccupy"
"Status2024627";"notToOccupy"
"Status2024629";"notToOccupy"
"Status2024630";"notToOccupy"
"Status2024601";"occupied"
"Status2024602";"departure"
"Status2024727";"arrival"
"Status2024728";"occupied"
"Status2024729";"occupied"
"Status2024730";"occupied"
"Status2024731";"occupied"
"Status2024801";"occupied"
"Status2024802";"occupied"
"Status2024803";"departure"
"Status2024928";"arrival"
"Status2024804";"notToOccupy"
"Status2024805";"notToOccupy"
"Status2024806";"notToOccupy"
"Status2024807";"notToOccupy"
"Status2024808";"notToOccupy"
"Status2024809";"notToOccupy"
"Status2024713";"arrival"
"Status2024714";"occupied"
"Status2024715";"occupied"
"Status2024716";"occupied"
"Status2024717";"occupied"
"Status2024718";"occupied"
"Status2024719";"occupied"
"Status2024720";"departure"
"Status2024810";"arrivalDeparture"
"Status2024811";"occupied"
"Status2024812";"occupied"
"Status2024813";"occupied"
"Status2024814";"occupied"
"Status2024815";"occupied"
"Status2024816";"occupied"
"Status2024817";"occupied"
"Status2024818";"departure"
"Status2025405";"notToOccupy"
"Status2025406";"notToOccupy"
"Status2025407";"notToOccupy"
"Status2025408";"notToOccupy"
"Status2025409";"notToOccupy"
"Status2025410";"notToOccupy"
"Status2025411";"notToOccupy"
"Status20241207";"occupied"
"Status20241208";"occupied"
"Status20241209";"occupied"
"Status20241210";"occupied"
"Status20241211";"occupied"
"Status20241212";"occupied"
"Status20241213";"occupied"
"Status20241214";"occupied"
"Status2025111";"occupied"
"Status2025117";"occupied"
"Status2025118";"occupied"
"Status2025116";"arrival"
"Status2025119";"departure"
"Status2025110";"arrival"
"Status2025112";"departure"
"Status2025222";"occupied"
"Status2025221";"occupied"
"Status2025308";"arrivalDeparture"
"Status2025309";"occupied"
"Status2025310";"occupied"
"Status2025311";"occupied"
"Status2025312";"occupied"
"Status2025313";"occupied"
"Status2025314";"occupied"
"Status2025315";"arrivalDeparture"
"Status2025316";"notToOccupy"
"Status2025317";"notToOccupy"
"Status2025318";"notToOccupy"
"Status20251220";"arrival"
"Status20251221";"occupied"
"Status20251222";"occupied"
"Status20251223";"occupied"
"Status20251224";"occupied"
"Status20251225";"occupied"
"Status20251226";"occupied"
"Status20251227";"occupied"
"Status20251228";"occupied"
"Status20251229";"occupied"
"Status20251230";"occupied"
"Status20251231";"occupied"
"Status2026101";"occupied"
"Status2026102";"occupied"
"Status2026103";"departure"
"Status2025815";"occupied"
"Status2025814";"occupied"
"Status2025813";"occupied"
"Status2025812";"occupied"
"Status2025811";"occupied"
"Status2025810";"occupied"
"Status2025809";"occupied"
"Status2025808";"occupied"
"Status2025807";"occupied"
"Status2025806";"occupied"
"Status2025805";"occupied"
"Status2025804";"occupied"
"Status2026130";"occupied"
"Status2026129";"occupied"
"Status2026128";"occupied"
"Status2026127";"occupied"
"Status2026126";"occupied"
"Status2026125";"occupied"
"Status2026131";"arrivalDeparture"
"Status2026124";"arrival"
"Status2026201";"occupied"
"Status2026202";"occupied"
"Status2026203";"occupied"
"Status2026204";"occupied"
"Status2026205";"occupied"
"Status2026206";"occupied"
"Status2026207";"occupied"
"Status2026208";"occupied"
"Status2026209";"occupied"
"Status2026210";"occupied"
"Status2026211";"occupied"
"Status2026212";"occupied"
"Status2026213";"occupied"
"Status2025803";"arrival"
"Status2025816";"departure"
"Status2025830";"arrival"
"Status2025831";"occupied"
"Status2025926";"occupied"
"Status2025925";"occupied"
"Status2025923";"occupied"
"Status2025924";"occupied"
"Status2025922";"occupied"
"Status2025921";"occupied"
"Status2025920";"occupied"
"Status2025919";"occupied"
"Status2025918";"occupied"
"Status2025917";"occupied"
"Status2025916";"occupied"
"Status2025914";"occupied"
"Status2025915";"occupied"
"Status2025901";"occupied"
"Status2025902";"occupied"
"Status2025903";"occupied"
"Status2025904";"occupied"
"Status2025905";"occupied"
"Status2025907";"occupied"
"Status2025908";"occupied"
"Status2025906";"occupied"
"Status2025909";"occupied"
"Status2025910";"occupied"
"Status2025911";"occupied"
"Status2025913";"occupied"
"Status2025912";"occupied"
"Status2025927";"departure"
"Status2026214";"arrivalDeparture"
"Status2026215";"occupied"
"Status2026216";"occupied"
"Status2026217";"occupied"
"Status2026218";"occupied"
"Status2026219";"occupied"
"Status2026220";"occupied"
"Status2025322";"arrival"
"Status2025323";"occupied"
"Status2025324";"occupied"
"Status2025325";"occupied"
"Status2025326";"occupied"
"Status2025327";"occupied"
"Status2025328";"occupied"
"Status2025329";"departure"
"Status2025412";"departure"
"Status2025413";"arrival"
"Status2025727";"occupied"
"Status2025728";"occupied"
"Status2025729";"occupied"
"Status2025730";"occupied"
"Status2025731";"occupied"
"Status2025801";"occupied"
"Status2025802";"departure"
"Status2025726";"arrivalDeparture"
"Status2025720";"occupied"
"Status2025721";"occupied"
"Status2025722";"occupied"
"Status2025723";"occupied"
"Status2025724";"occupied"
"Status2025725";"occupied"
"Status2025523";"notToOccupy"
"Status2025524";"notToOccupy"
"Status2025525";"notToOccupy"
"Status2025526";"notToOccupy"
"Status2025527";"notToOccupy"
"Status2025528";"notToOccupy"
"Status2025529";"notToOccupy"
"Status2025530";"notToOccupy"
"Status2026726";"occupied"
"Status2026727";"occupied"
"Status2026728";"occupied"
"Status2026729";"occupied"
"Status2026730";"occupied"
"Status2026731";"occupied"
"Status2026725";"arrival"
"Status2026801";"occupied"
"Status2026802";"occupied"
"Status2026803";"occupied"
"Status2026804";"occupied"
"Status2026805";"occupied"
"Status2026806";"occupied"
"Status2026807";"occupied"
"Status2026808";"departure"
"Status2025712";"arrival"
"Status2025713";"occupied"
"Status2025714";"occupied"
"Status2025715";"occupied"
"Status2025716";"occupied"
"Status2025717";"occupied"
"Status2025718";"occupied"
"Status2025719";"arrivalDeparture"
"Status2026221";"arrivalDeparture"
"Status2026228";"arrivalDeparture"
"Status2026222";"occupied"
"Status2026223";"occupied"
"Status2026224";"occupied"
"Status2026225";"occupied"
"Status2026226";"occupied"
"Status2026227";"occupied"
"Status2026301";"occupied"
"Status2026302";"occupied"
"Status2026303";"occupied"
"Status2026305";"occupied"
"Status2026304";"occupied"
"Status2026306";"occupied"
"Status2026307";"departure"
"Status2026320";"occupied"
"Status2026321";"occupied"
"Status2027213";"notToOccupy"
"Status2027214";"notToOccupy"
"Status2027215";"notToOccupy"
"Status2027216";"notToOccupy"
"Status2027217";"notToOccupy"
"Status2027218";"notToOccupy"
"Status2027219";"notToOccupy"
"Status2027220";"notToOccupy"
"Status2026319";"arrival"
"Status2026322";"departure"
"Status20261226";"arrivalDeparture"
"Status20261227";"occupied"
"Status20261228";"occupied"
"Status20261229";"occupied"
"Status20261230";"occupied"
"Status20261231";"occupied"
"Status2027101";"occupied"
"Status2027102";"departure"
"Status2026711";"arrival"
"Status2026718";"departure"
"Status2026712";"occupied"
"Status2026713";"occupied"
"Status2026714";"occupied"
"Status2026715";"occupied"
"Status2026716";"occupied"
"Status2026717";"occupied"
"Status2026719";"notToOccupy"
"Status2026720";"notToOccupy"
"Status2026721";"notToOccupy"
"Status2026722";"notToOccupy"
"Status2026723";"notToOccupy"
"Status2026724";"notToOccupy"
"Status2026313";"notToOccupy"
"Status2026314";"notToOccupy"
"Status2026315";"notToOccupy"
